KODE,NAMA_PRODUK,UNIT
A000001,ANATON TAB,STRIP
A00001,ACTIVED HIJAU,BTL
A000012,APIALYS SYR 100 ML,BTL
A000014,ALKOHOL 1000 ML,BTL
A000016,ALLOPURINOL 300,STRIP
A000018,ATORVASTATIN 10MG,STRIP
A00004,ACYCLOVIR 200MG,STRIP
A000040,MEFIX 500MG,STRIP
A00005,ACYCLOVIR 400MG,STRIP
A000066,ANDALAN KB FE,STRIP
A000069,ALKOHOL SWEP,PSG
A00007,AFITSON NO.1 18 G,POT
A000076,ALOFAR 300MG,STRIP
A000078,ARKAVIT BOX,STRIP
A00008,AKURAT,PCS
A00009,ALBOTHYL 10ML,BTL
A00010,ALBOTHYL 5ML,BTL
A00013,ALLERON,STRIP
A00014,ALLETROL TM 5 ML,FLS
A00015,ALLOPURINOL 100MG,STRIP
A00016,ALPARA,STRIP
A000177,ANAK SUMANG 200'S,SACH
A00018,AMBROXOL 30MG,STRIP
A00019,AMLODIPINE 10MG,STRIP
A00020,AMLODIPINE 5MG,STRIP
A000209,THERMOMETER AVICO,PCS
A00021,AMOXICILIN 500MG,STRIP
A00023,AMOXSAN 500MG,TAB
A00026,AMPICILIN 500MG,STRIP
A00027,ANAKONIDIN OBH 60ML,BTL
A00028,ANAKONIDIN SYR 60ML,BTL
A00029,ANDALAN LAKTASI,STRIP
A00032,ANTANGIN ANAK,SACH
A00033,ANTANGIN CAIR,SACH
A00034,ANTANGIN TAB,STRIP
A00035,ANTASIDA DOEN,TAB
A00036,ANTIMO ANAK JERUK,SACH
A00037,ANTIMO ANAK STRAW,SACH
A00038,ANTIMO TAB,STRIP
A00039,ASAM MEFENAMAT 500MG,STRIP
A00042,ACYCLOVIR 5% CR,TUBE
A00043,ANDALAN CO 12'S,DUS
A00047,APIALYS DROPS,BTL
A00048,AVAIL HIJAU,PCS
A00049,AVAIL BIRU,PCS
A00050,AMBEVEN,STRIP
A00053,AUGENTONIC 5 ML,FLS
A00055,ALOFAR 100MG,STRIP
A00056,ALKOHOL 70% 300ML,BTL
A00060,ARMSLING M,PCS
A00072,ASEPSO,PCS
A00073,ANDALAN TESTPACK AMP,AMPLOP
A00077,ACLONAC GEL 20G,BOX
A00083,ANTASIDA DOEN SUSP 60ML,BTL
A000897,ALERZIN TAB,STRIP
A00091,ARMACORT,TUBE
A00092,ALLERIN EXP 60 ML,BTL
A00100,ALKOHOL 70% 100ML,BTL
A00101,AUTOCLICK + JARUM,PCS
A00103,AQUA MARIS DAILY NASSAL 30ML,BTL
A00107,ALLERGEN TAB,STRIP
A0011,ANTIS BTL 60ML,BTL
A00110,ANTIS SPRAY 55ML,BTL
A00111,ADEM SARI CHING KU,KLG
A00112,ANACETIN SYR,BTL
A00116,ASIFIT 700MG KAPLET,STRIP
A00118,ANASTAN FORTE,STRIP
A00121,ACNES GEL,TUBE
A00122,ADEM SARI SENSACOOLS,SACHET
A00123,VITAMIN C 50MG,STRP
A00126,ACNOL 10GR,TUBE
A00131,AMBROXOL SYR,BTL
A00132,AMOXSAN DROP,BTL
A00133,ACNOL LOTION 10ML,PCS
A00135,ASMASOLON,STRIP
A00138,ACNES FC CREAMYWASH,TUBE
A00141,ASICUM,BTL
A00142,ALBENDAZOLE KF,STRIP
A00146,ACTIVCLEAR,TUBE
A00147,ACARBOSE,STRIP
A00148,AKURAT COMPACT,PCS
A00149,ANAKONIDIN HERBAL 60ML,BTL
A00151,AGARILLUS DROP,BTL
A00154,ANAKONIDIN ME 60ML,BTL
A00155,ANDALAN FRESH INTIMATE WASH,BTL
A00158,ACIFAR,TUBE
A00160,ATORVASTATIN 20MG,STRIP
A00161,ACETYLCYSTEINE 200MG,STRIP
A00164,AMUNIZER,SCHET
A00165,AGARILLUS,BTL
A00166,AZITHROMYCIN 200MG SYR 5ML,BTL
A00167,ACITRAL 10'S,STRIP
A00168,ARKAVIT C,STRIP
A00170,ACITRAL SUSPENSI 120ML,BTL
A00172,ANYTIME EARLOOP CHILD F.MASK 5'S,PACK
A00173,ANYTIME VIRUSGUARD 4D 3'S,PACK
A00174,ANTIS GEL 30ML,BTL
A00175,ANAKONIDIN 30ML,BTL
A00176,ANAKONIDIN OBH 30ML,BTL
A00177,ACTIV WATER,BTL
A00178,ANDALAN CO 3'S,PCS
B0000001,BACTODERM 5GR,TUBE
B0000002,BALSEM GELIGA 10 GR,POT
B0000003,BALSEM GELIGA 20 GR,POT
B0000004,BALSEM GELIGA 40 GR,POT
B0000006,BALSEM LANG 10 GR,POT
B0000007,BALSEM LANG 20 GR,POT
B0000009,BALSEM TJIN TJAU 20 G,POT
B00000100,BIOLYSIN SYR 100ML,BTL
B00000120,BROADAMOX,STRIP
B00000125,BENEURON DRAGEE,STRIP
B0000013,BECOM-C,STRIP
B0000018,BENZOLAC CL,TUBE
B0000019,BETADINE FEMINIME,BTL
B00000198,BIFERCE,BTL
B0000020,BETADINE GARGLE 190ML,BTL
B0000022,BETADINE OINT 10G,TUBE
B0000023,BETADINE OINT 5G,TUBE
B0000025,BETADINE SOL 15 ML,BTL
B0000026,BETADINE SOL 30 ML,BTL
B0000027,BETADINE SOL 5 ML,BTL
B0000028,BETAHISTINE,STRIP
B0000029,BETASON CR 5G,TUBE
B0000030,BETASON N CR 5G,TUBE
B0000031,BIOGESIC,STRIP
B0000032,BIOLYSIN KIDS ANGGUR,BTL
B0000033,BIOLYSIN KIDS JERUK,BTL
B0000034,BIOLYSIN KIDS STRAW,BTL
B0000035,BIOPLACENTON 15GR,TUBE
B0000036,BISOLVON EXTRA,BTL
B0000038,BISOPROLOL 5MG,STRIP
B0000039,BODREX,STRIP
B0000040,BODREX EXTRA,STRIP
B0000041,BODREX FB DAHAK,STRIP
B0000042,BODREX FB KERING,STRIP
B0000043,BODREX MIGRA,STRIP
B0000044,BODREXIN DEMAM,"5,00"
B0000045,BORRAGINOL N SUPPO,SUPP
B0000047,BRAITO ORIGINAL,FLS
B0000048,BUBUK PK,POT
B0000050,BYE BYE FEVER ANAK,SACH
B0000053,BABY COUGH,BTL
B0000054,BRONCHITIN SYR,BTL
B0000057,BYE BYE FEVER BAYI,LEMBAR
B0000058,BATUGIN 120 ML,BTL
B0000061,BATUGIN 300ML,BTL
B0000065,BUFACORT N 5G,TUBE
B0000066,BINARI,SCH
B0000067,BETADINE PLESTER JUNIOR,PCS
B0000069,BRAITO TEARS,FLS
B0000072,BETAMETHASON 0.1%,TUBE
B0000073,BODREXIN,"2,00"
B0000074,BUFANTACID,STRIP
B0000076,BUFANTACID FORTE SYR,BTL
B0000078,BALPIRIK EXTRA MERAH,POT
B0000081,BIOLYSIN SMART 60ML,BTL
B0000082,BETADINE SABUN CAIR 100ML,BTL
B0000088,BODREXIN FB PE ANAK SYR (DAHAK),BTL
B0000089,BBK 80GR,BTL
B0000090,BETADINE SOL 60ML,BTL
B0000091,BENECOL ORANGE,BTL
B0000097,BALSEM LANG 40GR,POT
B0000101,BORRAGINOL S OINT,TUBE
B0000103,BEVALEX CR,TUBE
B0000108,BEAR BRAND,KLG
B0000109,BUFACARYL,STRIP
B0000118,BRONKRIS TAB,STRIP
B0000193,BIOMEGA,STRIP
B0000199,BODREX FB KERING SYR (DEWASA),BTL
B00002,BRONCHITIN FLU SYR 60ML,BTL
B0000200,BODREX PE DAHAK SYR (DEWASA),BTL
B0000202,BRONKRIS SYR,BTL
B0000204,BENZOLAC GEL 2.5% 5GR,TUBE
B0000214,BEDAK PIGEON 200GR,PCS
B0000216,BATSARIA 10ML,BTL
B0000220,BISACODYL TAB 5MG,STRIP
B0000224,BMT PHP 400GR,BOX
B0000226,JOHNSONS BABY OIL 200ML,BTL
B0000234,BEJO JAHE MERAH,SACH
B0000236,BECOM-ZET,STRIP
B0000237,BECEFORT 4'S,STRIP
B0000238,BENZOLAC GEL 5% 5GR,TUBE
B0000241,BIMACYL,STRIP
B0000266,BINTAMOX TAB,STRIP
B0000268,BINTAMOX SYR,BOTOL
B0000270,BRALIFEX EYE DROP,BTL
B0000271,BETADINE PLASTER WATERPROOF,PCS
B0000272,BOOST D 1000 IU,STRIP
B0000273,BODREXIN TAB 4X4'S,STRIP
B0000274,BELSOAP 65GR,PCS
B0000275,BIOMAG TAB,STRIP
B0000276,BEBITHEN KRIM 20GR,TUBE
B0000277,BREAST PUMP SET RELIABLE 9910,PCS
B000030,BROCHIFAR KPT,STRIP
B000056,BROCHITIN TAB,STRIP
B000200,BETADINE VAGINAL 100ML,BTL
B000201,BETADINE THROAT SPRAY,BTL
B00026,BABY OIL WHITE TELON PIGEON 115ML,BTL
C0000001,CALADINE LOT 95ML,BTL
C0000002,CALADINE LOT 60ML,BTL
C0000003,CALADINE TALK 100G,BTL
C0000004,CALADINE TALK 60G,BTL
C0000006,CANDISTIN,BTL
C0000009,"CAPTOPRIL 12,5MG",STRIP
C0000010,CAPTOPRIL 25MG,STRIP
C00000101,COOLANT 350ML,BTL
C00000102,COOLING 5 PLUS ORANGE,BTL
C00000105,COTTON BUD,PACK
C0000012,CATAFLAM 25MG,TAB
C0000013,CATAFLAM 50MG,TAB
C0000014,CATAFLAM D 50MG,TAB
C00000143,CANDESARTAN 16MG,STRIP
C0000015,CATARLENT 5ML,FLS
C00000177,CHILI PLAST 2.5CM,PCS
C0000018,CEFADROXIL 500MG,STRIP
C0000021,CEFIXIME 100MG CAP,STRIP
C0000023,CENDO LYTEERS 15ML,FLS
C0000025,"CENDO TIMOL 0,5%MG",FLS
C0000027,CENDO XITROL MINI DOSE,PACK
C0000028,CENDO XITROL TM 5ML,FLS
C0000031,CEREBROFORT GOLD,BTL
C0000032,CETIRIZINE 10MG,STRIP
C0000033,CHLORAMFECORT H CR 10G,TUBE
C0000035,CINOLON CR,TUBE
C0000037,CIPROFLOXACIN 500MG,STRIP
C0000040,CLINDAMYCIN 150MG,STRIP
C0000041,CLINDAMYCIN 300MG,STRIP
C0000042,CLINOVIR CR 5G,TUBE
C0000043,COD LIVER OIL,BTL
C0000046,CONTREXIN,STRIP
C0000048,"CORTIDEX 0,5MG",TAB
C0000051,COUNTERPAIN 15 GR,TUBE
C0000052,COUNTERPAIN 30,TUBE
C0000053,COUNTERPAIN 5 GR,TUBE
C0000054,COUNTERPAIN 60,TUBE
C0000055,CTM PIM,STRIP
C0000058,CURCUMA IMUNS,BTL
C0000059,CURCUMA PLUS DHA JERUK,BTL
C0000060,CURCUMA PLUS DHA STRAW,BTL
C0000063,COUNTERPAIN COOL 30GR,TUBE
C0000065,CEREBROFORT GOLD STRAW,BTL
C0000066,COLDREXIN SYR,BTL
C0000067,COMBANTRIN 10ML,BTL
C0000070,CAVIPLEX TAB,STRIP
C0000071,CANESTEN 5 GR,TUBE
C0000072,CALCIFAR PLUS,STRIP
C0000075,COMBANTRIN 250MG,STRIP
C0000076,CAVIPLEX SYR,BTL
C0000078,CALORTUSIN,STRIP
C0000079,COPAL CHEST 25 GR,TUBE
C0000080,CURVIT SYR 60 ML,BTL
C0000082,CURCUMA PLUS GROW JRK,BTL
C0000083,CURVIT CL,BTL
C0000084,CURCUMA FCT TAB,BLISTER
C0000086,CDR JERUK,BTL
C0000096,CEREBROFORT GOLD (B),BTL
C0000097,COUNTERPAIN 120GR,TUBE
C0000099,CHILI PLAST,ROL
C00001,CALCID PLUS EFF,BTL
C0000100,CALADINE BABY POW 50GR,BTL
C0000101,COOLING 5 SPRAY,BTL
C0000103,CENTABIO GEL,TUBE
C0000104,CHILI PLAST KECIL,ROL
C0000106,CD SUNAT,PCS
C0000107,CALADINE BABY 100GR,BTL
C0000110,CATAFLAM FAST 50MG,SACH
C0000111,CUSTODIOL,STRIP
C0000113,COPARCETIN SYR,BTL
C0000115,COPARCETIN KIDS,BTL
C0000122,CDR JERUK 15'S,BTL
C0000127,"CARBIDU 0,5",STRIP
C0000129,COLFIN TAB,STRIP
C0000132,CITOCETINE 60ML,BTL
C0000139,CATARLENT MINI DOSE,STRIP
C0000140,CHILD GO COKLAT 140ML,BTL
C0000141,CHILD GO STRAW 140ML,BTL
C0000142,CANDESARTAN 8MG,STRIP
C0000152,CHIL GO VANILA 140ML,BTL
C0000161,CIMORY,BTL
C0000162,CENDO LYTEERS MD,STRIP
C0000164,CIMORY KOTAK,KOTAK
C0000165,CIMORY MINI,BTL
C0000166,CEFADROXIL SYR 60ML,BTL
C0000167,CAPTOPRIL 50MG,STRIP
C0000169,CARBIDU 0.75MG,STRIP
C0000170,COPARCETIN TABLET,STRIP
C0000176,COD LIVER OIL 50'S,BTL
C0000178,CALCIFAR,STRIP
C0000179,CEFADROXIL DS 250MG,BTL
C0000183,CEFIXIME 200MG KAP,STRIP
C0000187,CETIRIZINE SYR 60ML,BTL
C0000188,C1000,SCHET
C0000189,CAL-95,STRIP
C0000190,CINOLON N CR 5GR,TUBE
C0000192,CAREPLUS SEPTI WIPES,PCS
C0000193,CAREPLUS HIFRESH 5'S,PCS
C0000194,CLOPIDOGREL TAB 75MG,STRIP
C0000196,CIMORY SQUEEZE,PCS
C0000198,CHILGO MADU 300GR,BOX
C0000200,CETIRIZINE DROPS,BTL
C0000204,CAVIPLEX D TAB,STRIP
C0000205,CAVIPLEX CDEZ,STRIP
C0000207,CDR STRIP,STRIP
C000038,COTTONBUD SWAP 200'S,BTL
C000050,CIMORY UHT 250,BTL
C000137,CURVIT KAPLET,STRIP
C000140,CANESTEN CR 10G,TUBE
C000142,RELIABLE COTTON BUDS DWS 100'S,BTL
C000144,C2FIT,TAB
C000145,"CLOBETASOL PROPIONATE CR 0,05%",TUBE
C000146,"CLOBETASOL PROPIONATE SALEP 0,05%",TUBE
C000147,CTM STRIP,STRIP
C000150,CIMORY UHT 125,PCS
C000200,CATAFLAM DROP 15ML,BTL
D0000002,DECOLGEN,STRIP
D00000020,DIAPET 10'S,STRIP
D0000005,DEGIROL,STRIP
D000001,DEMACOLIN SYR 60ML,BTL
D0000010,"DEXAMETHASONE 0,5MG",STRIP
D0000011,"DEXAMETHASONE 0,75MG",STRIP
D0000012,DEXANTA SYR,BTL
D0000013,DEXTAMINE,TAB
D0000014,DEXTEEM,STRIP
D0000015,DEXTEEM PLUS,TAB
D0000016,DEXTRAL,STRIP
D000002,DEMACOLIN TAB,STRIP
D0000020,DOMPERIDON 10MG,STRIP
D0000021,DRAGON MENTHOL HSP,PCS
D0000024,DULCOLAX,STRIP
D0000025,DUREX EXTRASAFE 3'S,BOX
D0000026,DUREX FEATHERLITE 3'S,BOX
D0000031,DIABETASOL SWEETENER 25'S,BOX
D0000034,DIANE KB,BOX
D0000035,DUMOCYCLINE 250MG,KAP
D0000036,DULCOLAX ANAK SUPPO,SUPPO
D0000037,DIPROSONE OV,TUBE
D0000038,DIAPET NR,STRIP
D0000039,DENTASOL GIGI,TUBE
D0000041,DACTARIN CR 10G,TUBE
D0000053,DIAPET ANAK,SACH
D0000054,DECADRYL SYR,BTL
D0000057,DOT DODO 60ML,BTL
D0000059,DULCOLAX 10'S,BLISTER
D0000064,DETTOL LIQ 250ML,BTL
D0000071,DRAMAMINE,STRIP
D0000072,DEXANTA TAB,STRIP
D0000075,DETTOL LIQ 100ML,BTL
D0000076,DRAGON MENTHOL HSB,PCS
D0000077,DARSI KAPSUL,BOX
D0000078,DULCOLAK DEWASA SUPPO,SUPPO
D0000082,DIPROGENTA,TUBE
D0000086,"DANASONE 0,5",STRIP
D0000087,DEHISTA,STRIP
D0000090,DARYANT-TULLE,SACH
D0000091,DIAPET SYR 60ML,BTL
D0000097,DETTOL LIQ 50ML,BTL
D0000098,DOT PIGEON 120ML,BTL
D0000099,DOT PIGEON 240ML,BTL
D0000100,DE COUGH MENTHOL 60ML,BTL
D0000106,DEXIGEN CR,TUBE
D0000170,DIABETASOL COK 1KG,BOX
D0000171,DOMPERIDON SUSP 60ML,BTL
D0000173,DESOXIMETHASONE 0.25 CR 15G,TUBE
D0000179,DETTOL SOAP 65G,PCS
D0000180,DERMAFIX 10X25,PCS
D0000184,DIVOLTAR 50MG,STRIP
D0000189,DEGIROL STRIP,STRIP
D0000192,DOT RELIABLE 125ML,BTL
D0000195,DRAGON MINYAK SEREH 30ML,BTL
D0000196,DERMATIX ULTRA GEL 5GR,TUBE
D0000198,DRAGON MINYAK SEREH 100ML,BTL
D0000200,DICLOFENAC DIETHYLAMINE 20GR,TUBE
D0000204,DICOM TAB,STRIP
D0000207,DETTOL LIQ 495ML,BTL
D0000210,DICLOFENAC DIETHYLAMINE 50GR,TUBE
D0000212,DUREX LOVE 12'S,PCS
D0000216,DAY DAY SARANG BURUNG 300ML,KLNG
D000209,DETTOL SABUN CUCI TGN,BTL
E0000002,ELTAZON,TAB
E0000003,ENBATIC POW,SACH
E0000004,ENERVONCE (30),BTL
E0000005,ENKASARI,BTL
E0000006,ENTRASOL GOLD CKLT 185G,BOX
E0000007,ENTRASOL GOLD VNLA 185G,BOX
E0000010,ENTROSTOP ANAK,SACH
E0000011,ENTROSTOP TAB,STRIP
E0000013,EPEXOL SYR 120ML,BTL
E0000015,ERLAMYCETIN PLUS TM,TUBE
E0000016,ERLAMYCETIN SM,TUBE
E0000017,ESTER C (30),BTL
E0000018,EVER E (12),STRIP
E0000020,ENERVON C (4'),STRIP
E0000021,ERLAMICETIN TT,BTL
E0000023,ESTER C 4'S,STRIP
E0000028,EVER E 30'S,BTL
E0000030,EYEFRESH MD,STRIP
E0000032,ELKANA TAB,STRIP
E0000033,EPEXOL DROP,BTL
E0000034,ELKANA SYR,BTL
E0000035,ELKANA CL EMULSI,BTL
E0000037,EPEXOL TAB,STRIP
E0000039,EMPENG S050,PCS
E0000040,EVER E,STRIP
E0000041,EM KAPSUL '12,BOX
E0000044,ESPERSON 5G,TUBE
E0000047,EJIAO MADU CINA,BTL
E0000049,ETAFLUSIN TAB,STRIP
E0000051,EPERISON HCL TAB,STRIP
E0000055,"ETADEX 0,5",STRIP
E0000066,ERPHAFILIN 100'S,TABLET
E0000067,EMPENG PIGEON STEP 3,PICIS
E0000070,ERPHAMAZOL 1% 5GR,TUBE
E0000071,ERPHA ALLERIL 2% 5GR,TUBE
E0000074,"ETADEX 0,75MG",STRIP
E0000080,EGOJI GUMMY JERUK,SACH
E0000081,EGOJI GUMMY STRAW,SACH
E0000082,EYEVIT TAB,STRIP
E0000084,EYEVIT SYR 60ML,BTL
E0000089,ERLAMOL SYR 60ML,BTL
E0000099,EPIMAXX,BOX
E00001,ELSIRON KAPT,STRIP
E0000100,ENBATIC SK 10gr,TUBE
E0000102,ENTRASOL PLATINUM VANILA 800GR,KLNG
E0000105,ENAPLEX-C 6'S,STRIP
E0000106,EMPENG PIGEON MINILIGHT STEP 2,PCS
E0000107,ESPERSON 15GR,TUBE
E0000108,ERPEPSA SUSPENSI 100ML,BTL
E0000109,ERPHAMOL DROPS 15ML,BTL
E0000110,ERPHAMOL SYR 60ML,BTL
E000020,ETABION,STRIP
E000072,ERPHAFLAM TAB,STRIP
E000088,ENTRASOL ACTIVE VAN LATTE 160GR,BOX
E000090,EMPENG RELIABLE STEP1,PCS
E000092,ESTER C KIDS 30'S,BTL
E000093,ERICFIL 100MG,TAB
E000097,E-CARE POPOK DEWASA M,PCS
E00013,EUCA INH,PCS
E000370,ETAMOX 500MG,STRIP
E000371,ETAMOX SYR,BTL
F00000001,FERMOL SYR 60ML,BTL
F00000010,FLUIMUCIL 600MG EFF 10'S,BOX
F0000002,FARGOXIN,STRIP
F0000004,FARMOTEN 25MG,STRIP
F0000005,FATIGON,STRIP
F0000007,FATIGON SPIRIT,STRIP
F0000008,FEMINAX,STRIP
F0000009,FG TROCHES,TAB
F000001,FEMMY VIT D3,BOX
F0000017,FIESTA ULTRA SAFE 3'S,BOX
F0000020,FITKOM TAB ANGGUR,BTL
F0000021,FITKOM TAB JERUK,BTL
F0000022,FITKOM TAB STRAW,BTL
F0000024,FOLAVIT 400MG,STRIP
F0000025,FRESH CARE CITRUS,BTL
F0000026,FRESH CARE GREEN TEA,BTL
F0000027,FRESH CARE LAVENDER,BTL
F0000030,FRESH CARE STRONG,BTL
F0000031,FUNGIDERM 5 GR,TUBE
F0000036,FORUMEN TT,BTL
F0000039,FUROSEMIDE 40 MG,STRIP
F0000041,FIESTA DOTTED 12'S,DUS
F0000043,FIESTA STRAW 12'S,DUS
F0000044,FASIDOL,STRIP
F0000046,FASIDOL FORTE,STRIP
F0000054,FLUCADEX TAB,STRIP
F0000056,FLADYSTIN OVULA,SUPP
F0000057,FASIDOL SYR,BTL
F0000060,FUNGIDERM 10GR,TUBE
F0000072,FLUMIN,STRIP
F0000073,FLOXIFAR,STRIP
F0000074,FLUMIN SYR,BTL
F0000079,FARSIFEN SYR,BTL
F0000081,FARSIFEN 400MG TAB,STRIP
F0000090,FOLAMIL GOLD,BTL
F0000091,FAXIDEN 20MG,STRIP
F00001,FLOXIGRA 500MG,STRIP
F0000100,FLIMTY,SACH
F0000106,FENOFIBRATE 300MG,STRIP
F0000107,FLUTAMOL KAPLET,STRIP
F0000108,FOLAVICAP 1000,STRIP
F0000110,FEMMY TRIMUNE,BOX
F0000111,FARMALAT,STRIP
F0000112,FLUNADIN TAB,STRIP
F0000114,FITSO SOAP SULFUR 70GR,PCS
F0000116,FRESH CARE EUCALYPTUS PATCH,PCS
F0000117,FLUTAMOL SYR 60ML,BTL
F000036,FARIZOL KAPLET,STRIP
F000055,FLUCADEX SYR 60ML,BTL
F000075,FASIDOL FORTE SYR,BOTOL
F000077,FARSIFEN PLUS,STRIP
F000078,FASIDOL DROP,BTL
F000079,IMBOOST KIDS TAB 21'S,BTL
F000080,FITBES FORCE KAPLET,AMPLOP
F000082,FAXIDEN GEL 10GR,TUBE
F000084,FIBRIL 250MG KAPS,STRP
F000085,FRESH CARE MKP,FLS
F000086,FIESTA DELAY 3'S,PCS
F000091,FLUANZA KPT,STRIP
G0000001,GANDAPURA LANG 30 ML,BTL
G0000002,GANDAPURA LANG 60 ML,BTL
G0000006,GELIGA CAIR 30 ML,BTL
G0000007,GELIGA CAIR 60 ML,BTL
G0000009,GELIGA CREAM 30GR,TUBE
G000001,GENTALEX CR,TUBE
G00000105,GOOD DAY BTL,BTL
G0000015,GLUCOPHAGE 500MG,TAB
G0000016,GLUDEPATIC 500MG,STRIP
G0000017,GOM,BTL
G0000018,GPU 30 ML,BTL
G0000019,GPU 60 ML,BTL
G0000025,GRAZEO,STRIP
G0000026,GENTAMICYN CR,TUBE
G0000027,GOMARS,DUS
G0000028,GASTRUCID SYR,BTL
G0000029,GASTRUCID TAB,STRIP
G0000030,GAZERO,SACH
G0000031,GENOINT SK,TUBE
G0000033,GENTIAN VIOLET,BTL
G0000035,GOLD G,BTL
G0000038,GENALTEN CR 5GR,TUBE
G0000042,GRATHAZON 0.5,STRIP
G0000043,GUANISTREP SYR,BTL
G0000047,GRAFADON,STRIP
G0000053,GPU KRIM 150GR,POT
G0000057,GRAFALIN 4MG,STRIP
G0000058,GRAFALIN 2MG,STRIP
G0000059,GLIMEPIRIDE 2MG,STRIP
G0000063,GINIFAR,STRIP
G0000064,GPU JAHE 30ML,BTL
G0000067,G BUMIN,BTL
G0000068,GRANTUSIF TAB,STRIP
G0000070,GRAFACHLOR,STRIP
G0000077,GREEN OIL HERBAL 5ML,PCS
G0000080,GLIKOS 500MG,STRIP
G0000084,GOFRESS ECOPACK,PCS
G0000085,GRAFAMIC,STRIP
G0000086,GABAPETIN KAP 300MG,STRIP
G0000088,GENOINT SM,TUBE
G0000089,GASELA TAB,STRIP
G0000092,GPU KRIM 60GR,PCS
G0000093,GPU KRIM JAHE 150G,POT
G0000097,GENOINT TM,FLS
G0000099,GF MILK UHT 125ML,PCS
G0000100,GPU PALA 30ML,BTL
G0000103,GLIBENCLAMIDE BLISTER,STRIP
G0000105,GLIQUIDONE 30MG,STRIP
G0000108,GOTIK 5ML,BTL
G0000112,GLUCOSAMINE PATCH,PCS
G0000118,GRAFADON FORTE TAB,STRIP
G0000168,GREEN OIL 10ML,BTL
G000113,GLUCOSAMINE PLUS,STRIP
G004,GELAS CUCI MATA,PCS
H0000002,HANSAPLAST ROL B,ROL
H0000003,HANSAPLAST ROL K,ROL
H0000004,HEMAVITON ACTION,STRIP
H0000005,HEMAVITON STAMINA,STRIP
H0000006,HEROCYN TALK 85G,BTL
H0000007,HUFAGRIP BP,BTL
H0000008,HUFAGRIP FLU,BTL
H0000009,HUFAGRIP PILEK,BTL
H0000010,HUFAGRIP TMP,BTL
H0000011,HYPAFIX,ROL
H0000012,HABBATUSAUDA 120,BTL
H0000013,HUFAGRIP FORTE,STRIP
H0000014,HUFAMYCETIN,STRIP
H0000015,HYDROCORTISON 2.5% BOX,TUBE
H0000016,HYPAFIX 5CMx5M,ROL
H0000017,HUFAMYCETIN SYR,BTL
H0000018,HEROCYN TALK 150G,BTL
H0000019,HISTIGO,STRIP
H0000022,HOTIN CREAM,BTL
H0000024,"HYDROCORTISON 2,5% TUBE",TUBE
H00000243,HNS PROPOLIS SERUM,BTL
H0000026,HABBATUSAUDA 210,BTL
H0000030,HUFAMAG PLUS TAB,STRIP
H0000032,HEROCYN BABY 200GR,BTL
H0000034,HOTIN AROMATHERAPY 120ML,BTL
H0000035,HUFRALGIN,STRIP
H0000038,HEXOS,SACHET
H0000042,HOTIN CREAM TUBE 120GR,TUBE
H0000043,HOTIN CREAM TUBE 60GR,TUBE
H0000044,HANSAPLAS AMPLOP,AMP
H0000049,H BOOSTER,BTL
H0000050,HUFAMAG SYR,BTL
H0000051,HOTIN AROMATHERAPY TUBE 60ML,TUBE
H0000052,HOTIN AROMATHERAPY TUBE 120,TUBE
H0000057,HOTIN CREAM 60 ML,BTL
H0000059,HERBAKOF SYR 60ML,BTL
H0000065,HOTIN DCL 60GR,TUBE
H0000067,HEROCYN BABY 100GR,BTL
H0000068,HUFAGESIC SYR 60ML,BOTOL
H0000069,HUFAGESIC,STRIP
H0000073,HANSAPLAST KIDS AMP,AMPLOP
H0000077,HOTIN STRONG TUBE 60GR,TUBE
H0000079,HOTIN KOYO AROMTRPY,PCS
H0000083,HUFANOXIL 500MG,STRIP
H0000084,HISTAPAN,STRIP
H0000095,HELIXIM TAB,STRIP
H0000098,HUFANEURON,STRIP
H0000099,HUFABION,STRIP
H0000489,HOTIN STRONG TUBE 120GR,TUBE
H0000491,HAND SANITIZER REFILL,ML
H0000492,HYCOCARE FOOT PLAST 3'S,PCS
H0000493,HEVIT-C 500MG,STRIP
H0000494,HOLIMOX 500MG,STRIP
H0000499,HABBATUSSAUDA ALYA MINYAK,BTL
H0000501,HEVIT C PLUS,STRIP
H0000502,HAU FUNG SAN,BTL
H0000503,HEVIT C 1000MG,STRIP
H0000504,HANSAPLAST KAIN ELASTIS 10'S,AMP
H000078,HOTIN STRONG BOTOL 120ML,BTL
H000080,HANSAPLAST SPRAY,BTL
H000082,HUFADEXTAMIN TABLET,STRP
H000092,HISTAKLOR 2MG,STRIP
H000094,HANSAPLAST FOOT PLASTER ENV 6'S,AMP
H000095,HAND GEL 60ML,BTL
H000096,HANDRUB ANTISEPTIC 500ML,BTL
H000369,HOTIN BALSEM,BTL
H000425,HANASUI BODY SPA GEL W.C,BTL
H00457,HUFABETHAMIN SYR,BTL
I0000001,IBUPROFEN 400MG,STRIP
I0000004,IMBOOST,TAB
I0000005,IMBOOST FORCE,TAB
I0000007,INCIDAL OD,TAB
I0000008,INERSON OINT 15G,TUBE
I0000009,INSTO REG,BTL
I0000010,INTERHISTIN,TAB
I0000011,INTUNAL FORTE,STRIP
I0000012,INZA,STRIP
I0000013,INZANA,STRIP
I0000014,IPI A,BTL
I0000015,IPI B KOMPLEX,BTL
I0000020,IMBOOST FORCE SYR,BTL
I0000022,ISOSORBIDE DINITRATE,STRIP
I0000027,IMBOOST SYR,BTL
I0000028,INPEPSA 100 ML,BTL
I0000031,INFLASONE KAPLET,STRIP
I0000035,INFUSAN RL WIDARTA,FLS
I0000036,INFUSAN NACL WIDATRA,BTL
I0000043,INFALGIN,STRIP
I0000050,INTUNAL SYR 60ML,BTL
I0000053,INAMID TAB,STRIP
I0000056,ITRABAT SYR 100ML,BTL
I0000059,IMBOOST EFFERVESCENT JRK,BTL
I0000065,IPI C 90'S,BTL
I0000066,IPI D3 1000,BTL
I0000067,IMODIAR 2MG TAB,STRIP
I000031,INFUSET OTSUKA,SET
I000058,IMBOOST FORCE ES,TAB
I00032,INFUSET DWS,PCS
J0000001,JESSCOOL,PCS
J00000014,JOHNSON BABY OIL REG 50 ML,BTL
J0000003,JF SULFUR ACNE SKIN CARE 90 GR,PCS
J0000012,JOHNSON BABY OIL REG 125,BTL
J0000014,JAGUAR,BOX
J0000015,JATI CINA TUBRUK,BKS
J0000017,JOINT MAX,STRIP
J0000018,JONHSON POWDER 50GR,BTL
J0000020,JOHNSONS POWDER 100GR,BTL
J00000207,JOHNSON COTTONTOUCH 200ML,BTL
J0000022,JOHNSON BABY COLOGNE 100ML,BTL
J0000024,JOHNSONS POWDER 150GR,BTL
J0000026,JOHNSON'S BABY SOAP 100GR,PCS
J0000027,AMH JAHE MERAH RENTENG,SACH
J0000030,JF SULFUR DERMAMED 90GR,PCS
J0000032,JARUM INSULIN MICROFINE UNGU 31X5,PCS
J0000033,JF SULFUR ANTI ACNE 65GR,PCS
J0000078,JATI CINA CELUP PRIMA,BOX
K00000,KARTU STOK,PCS
K0000002,KALCINOL-N CR 5G,TUBE
K00000029,KOMIX KIDS OBH PE,PCS
K0000003,"KALMETHASONE 0,5MG",TAB
K0000004,KALNEX 500MG,TAB
K0000006,KALPANAX KRIM,TUBE
K0000007,KANDISTATIN DROP SUSP 12ML,BTL
K0000008,KADITIC,TAB
K0000009,KAPSIDA,BTL
K0000010,KAPSUL TUNTAS,BOX
K0000012,KB ANDALAN,STRIP
K0000013,KENALOG IN ORABASE 5G,TUBE
K0000014,KETOCONAZOLE 2% CR,TUBE
K0000015,KETOMED CR 15G,TUBE
K0000016,KETOMED SHAMPO,BTL
K0000017,KETOPROFEN 50MG,STRIP
K0000019,KINOKI,PCS
K0000021,KLODERMA CR 10G,TUBE
K0000022,KLODERMA CR 5G,TUBE
K0000023,KLODERMA OINT 10G,TUBE
K0000024,KLODERMA OINT 5G,TUBE
K0000025,KOMIX JAHE,SACH
K0000026,KOMIX JERUK NIPIS,SACH
K0000027,KOMIX KIDS MADU,SACH
K0000028,KOMIX KIDS STRAW,SACH
K0000029,KOMIX OBH,SACH
K0000030,KOMIX PEPPERMINT,SACH
K0000032,KONICARE M.TELON PLUS 60ML,BTL
K0000033,KONIDIN,STRIP
K0000038,KAPAS 250 GR BIRU,BAL
K0000046,KASSA STERIL CAHAYA,DUS
K0000056,KAKAK TUA,BTL
K0000058,KONICARE M.TELON 60ML,BTL
K0000059,KONICARE M. KAYU PUTIH 60ML,BTL
K0000060,KEJIBELING IKONG,STRIP
K0000064,KETOCONAZOLE TAB,STRIP
K0000065,KALIUM DIKLOFENAK 50MG,STRIP
K0000066,KLORFESON CR,TUBE
K0000068,KARET DOT DODO,PCS
K0000069,KAPAS GULUNG 50GR,PCS
K0000071,KOTAK P3K DINDING,PCS
K0000073,KOOL FEVER BABY,SACH
K0000074,KOOL FEVER KID,SACH
K0000077,KONICARE M.TELON PLUS 125ML,BTL
K0000079,KANA WHITE 15GR,TUBE
K0000082,KAPSUL 0,KAPSUL
K0000084,KOYO CABE,SACHET
K0000086,KONICARE BABY DIAPER 60G,TUBE
K0000087,KLOROFIL,BTL
K0000089,KONICARE M.TELON 125ML,BTL
K0000093,KAPAS GULUNG 100GR,PCS
K0000094,KONVERMEX KAPSUL 250MG,STRIP
K0000095,KIRANTI,BTL
K0000096,KAPAS BIRU IKG,PCS
K0000097,KAPAS 500GR BIRU,BAL
K0000100,KULDON,STRIP
K0000102,KONICARE M.KAYU PUTIH PLUS 30ML,BTL
K0000103,KOMPOLAX SYR,BTL
K0000138,KAPAS GULUNG BIRU 25GR,PCS
K0000140,KONICARE M.KAYU PUTIH PLUS 60ML,BTL
K0000141,KUTILOS,BTL
K0000148,KAPSUL JAMU IBU MADURA,BTL
K0000149,KALPANAX KRIM (POT),POT
K0000153,KOPI PEDE,SACH
K0000156,KARET DOT RELIABLE,PCS
K0000160,KIRANTI ORANGE,BTL
K0000165,KOMPRES XTRA COOL,SCHT
K0000166,KARET DOT RELIABLE GEPENG,PCS
K0000168,KELOPLAST KELOID,PCS
K0000170,KONICARE M.TELON PLUS 30ML,BTL
K0000174,KOMIX HERBAL SACH,SACH
K0000176,KENSHIN,STRIP
K0000177,KOPI KARKASA,PCS
K0000182,KRIM 88 ANTI JAMUR,TUBE
K0000186,KONICARE M.KAYU PUTIH PLUS 125ML,BTL
K0000187,KONICARE NATURAL STRETCH MARKS OIL,BTL
K0000188,KINA,STRIP
K0000189,KAPSUL GEMUKKU,BTL
K000065,KETOCONAZOLE CR 15G,TUBE
K0000789,KAPAS KHARISMA 30g,PCS
K000138,KARET DOT PIGEON,PCS
L0000001,LACTACID BABY,BTL
L0000003,LACTO-B,SACH
L0000005,LAMESON 4MG,TAB
L0000007,LANSOPRAZOLE,STRIP
L0000009,LASERIN 30 ML,BTL
L0000010,LAXING,STRIP
L00000100,LOKEV KAP,STRIP
L0000011,"LICODEXON 0,5MG",STRIP
L0000013,LODIA 2MG,TAB
L0000014,LORATADINE 10MG,TAB
L0000015,LOTTE,BTL
L0000017,LANSET,PCS
L0000018,LASERIN 60ML,BTL
L0000019,LIKOKALK,STRIP
L0000021,"LANADEXONE 0,5",STRIP
L0000029,LISINOPRIL 10MG,STRIP
L0000033,LASERIN 110ML,BTL
L0000037,LIKOKALK PLUS,STRIP
L0000046,LAMESON 8MG,TAB
L0000047,LISTERINE COOL MINT 250ML,BTL
L0000051,LAMANDEL,POT
L0000052,LAPIBAL,STRIP
L0000054,LAXADINE 60ML,BTL
L0000063,LASERIN MADU 30ML,BTL
L0000067,L-BIO,SACH
L0000069,LISTERIN MULTI PROTECT 250ML,BTL
L0000074,LERZIN,STRIP
L0000075,LACTACY BABY 150ML,BTL
L0000077,LATIBET 5MG,STRIP
L0000090,LORIHIS 10 MG TAB,STRIP
L0000091,LERZIN SYR,BTL
L0000092,LE MINERAL 600ML,BTL
L0000095,LISTERIN FRESH BURST 80ML,BTL
L0000099,LERZIN DROP,BTL
L0000100,LANPEPSA 120ML,BTL
L0000101,LAXING 10'S,STRIP
L0000102,LASEGAR KLG ANAK,KLG
L0000104,LISINOPRIL 5MG,STRIP
L0000105,LAMBUCID SYR 60ML,BTL
L0000106,LACTACYD FEMININE 60ML,BTL
L0000107,14,BTL
L0000108,LISTERINE MULTI PROTECT ZERO 100ML,BTL
L0000109,LAMBUCID TAB 10'S,STRIP
L0000110,LACTAMOR KAPLET,STRIP
L0000205,LOSTACEF SYR,BTL
L000021,LOSTACEF,STR
L000022,L-CAL KAP 5X6,STRIP
L000023,LEVOFLOXACIN 500MG,STRIP
L000025,LACTULOSE SYR,BTL
L000027,LISTERIN FRESH BURSTN 250ML,BTL
L000028,LAMANDEL SCHT,SCHT
L000029,LISTERINE SIWAK 250ML,BTL
L000030,LELAP 4'S,STRIP
L00029,LACTACYD BABY 250ML,BTL
M00000,MUCOHEXIN ELIXIR SYR,BTL
M0000004,M. TELON LANG 100 ML,BTL
M0000006,M. TELON LANG 60 ML,BTL
M0000007,MY BABY TELON PLUS 60 ML,BTL
M0000008,MY BABY TELON PLUS 90 ML,BTL
M0000009,M. URUT DRAGON,BTL
M0000014,MARCKS CRME,PCS
M0000015,MARCKS PUTIH,PCS
M0000016,MARCKS ROSE,PCS
M0000018,MECOBALAMINE 500MG,STRIP
M0000019,MEDICATED OIL 40 ML (M.SUCI),BTL
M0000020,MEDIKLIN GEL 15G,TUBE
M0000023,MEFINAL 500MG,TAB
M0000024,MELANOX CR 15G,TUBE
M0000025,MELANOX FORTE CR 15G,TUBE
M0000026,MELOXICAM 15MG,STRIP
M0000027,"MELOXICAM 7,5MG",STRIP
M0000029,MERTIGO 6MG,TAB
M0000030,METFORMIN 500MG,STRIP
M0000031,METHILPREDNISOLONE 16MG,STRIP
M0000032,METHILPREDNISOLONE 4MG,STRIP
M0000033,METHILPREDNISOLONE 8MG,STRIP
M0000034,METRONIDAZOLE,STRIP
M0000036,MICROGYNON KB,BOX
M0000041,MIXAGRIP,STRIP
M0000042,MKP LANG 120 ML,BTL
M0000043,MKP LANG 15 ML,BTL
M0000044,MKP LANG 210 ML,BTL
M0000045,MKP LANG 30 ML,BTL
M0000046,MKP LANG 60 ML,BTL
M0000053,MYCORAL 200MG,TAB
M0000054,MYCORAL CR,TUBE
M0000055,MYLANTA SYR (K),BTL
M0000056,MYLANTA TAB,STRIP
M0000057,MOLACORT 0.75MG,STRIP
M0000059,MICROLAX 3'S,TUBE
M0000060,MYLANTA SYR (B),BTL
M0000061,MATERNITY,PCS
M0000062,MAMI BREAST PUMP,PCS
M0000063,MICONAZOL CR 2%,TUBE
M0000064,MADURASA JERUK,SACH
M0000075,M. KAPAK 5ML,BTL
M0000076,M. KAPAK 28ML,BTL
M0000078,MADU SYAMIL ANAK,BTL
M0000082,MINYAK ZAITUN AL-AROBI,BTL
M0000084,MEDIKLIN TR 15 GRAM,TUBE
M0000086,MIXAGRIP FLU DAN BATUK,STRIP
M0000087,MEDICATED 12 ML,BTL
M0000088,MEDICATED 20 ML,BTL
M0000090,MASTER NON WOVEN,DUS
M0000091,MY BABY TELON PLUS 150 ML,BTL
M0000093,MOLACORT 0.5 MG,STRIP
M0000095,M. KAPAK 56 ML,BTL
M0000098,MADU TJ STRAW,SACH
M0000099,MADU TJ JERUK,SACH
M0000100,MIRASIC,STRIP
M0000101,MUCOS SYR,BTL
M0000102,MERIT,SACH
M0000103,MADU TJ SUPER 150GR,BTL
M0000104,MUCOHEXIN TAB,STRIP
M0000106,MBK POWDER,SACH
M0000107,MKP LANG AROMATIK 60ML,BTL
M0000108,M. TELON LANG PLUS 60ML,BTL
M0000112,M. ANGIN LANG 6ML,BTL
M0000113,M. ANGIN LANG 3ML,BTL
M0000115,MADU BIMA 99,BTL
M0000116,MUCOS DROP,BTL
M0000133,MKP LANG AROMATIK 30ML,BTL
M0000134,MOLOCO B12,STRIP
M0000141,MEDIAMER B6,STRIP
M0000146,M. KAPAK 10ML,BTL
M0000147,M. KAPAK 14ML,BTL
M0000148,MIRASIC SYR,BTL
M0000164,MY BABY POWDER 50GR,BTL
M0000165,MY BABY POWDER 100GR,BTL
M0000166,MY BABY POWDER 150GR,BTL
M0000169,MEXON,STRIP
M0000171,MAAG GEL,BTL
M0000173,MIXALGIN TAB,STRIP
M0000176,MADU TJ MURNI 250GR,BTL
M0000181,MADU HITAM PROPOLIS SAR,BTL
M0000183,M. ANGIN LANG 12ML,BTL
M0000184,MY BABY TELON PLUS LONG PROTECTION 60ML,BTL
M0000185,MIRASIC FORTE,"23,00"
M0000191,MAMA PAD FLOWER (24),BOX
M0000192,MAMA PAD FLOWER (56),BOX
M0000194,MY BABY TELON PLUS LONG PROTECT 90ML,BTL
M0000195,MADU TJ MURNI 500GR,BTL
M0000197,M. IKAN SALMON,BTL
M0000199,MADU DIABETES,BTL
M000020,MASKER KAIN BATIK,PCS
M0000201,MUPIROCIN OINTMENT 10GR,TUBE
M0000202,MOLAKRIM 30GR,TUBE
M0000210,MOLAFAT SYR,BTL
M0000214,MY BABY SHAMPOO,BTL
M0000216,MINYAK BUT-BUT,BTL
M0000217,MADU TJ PANAS DALAM 150GR,BTL
M0000218,MKP LANG PLUS 30ML,BTL
M0000219,MKP LANG PLUS 60 ML,BTL
M0000225,MAGTRAL STRAW,STRIP
M0000226,MEPROMAAG TAB,STRIP
M0000227,MOLADERM CR 10GR,TUBE
M0000228,MINYAK URUT PARCOK,BTL
M0000229,MARCKS TEENS CP PINK,PCS
M0000230,MILO UHT 190ML,KOTAK
M0000233,MY BABY TELON PLUS 150ML LONG PROTEC,BTL
M0000241,M. TELON LANG PLUS 150ML,BOTOL
M0000242,MENSES KAPSUL,BTL
M0000244,MASKER KARET NIAN,PCS
M0000245,MASKER NIAN KF94,PCS
M0000248,MASKER NIAN HIJAB,PCS
M0000249,MASKER NIAN DUCKBIL,PCS
M0000258,MECOVIT-D3,STRIP
M000051,MOLEXFLU SYR,BTL
M0000856,MECOVIT-C,STRIP
M0000861,MAX-D 1000,STRIP
M0000862,MADU MAGO 350GR,BTL
M0000864,MADU MULTI GURAH FB + PILEK,BTL
M0000865,MADU MINT,BTL
M000111,MADU KURMA TJ 150GR,BTL
M000112,MADURASA ORIGINAL,SACH
M000115,MADU TJ SUPER 500 GR,BTL
M000116,MADU TJ SUPER 250 G,BTL
M000117,MADU TJ MURNI 150 GR,BTL
M000176,M.TELON LANG PLUS 100 ML,BTL
M000178,MADU TJ KURMA 250GR,BOTOL
M000195,MARINE GUMMY ANGGUR,SACHET
M000198,METFORMIN 850MG,BLISTER
M000199,METOCLOPRAMID 10MG,STRIP
M000205,MADU GEMUK DEWASA,BTL
M000207,MADU TJ ORIGINAL,SCHT
M000208,MYLANTA CHEW&MELTS BERRY,STRP
M000210,MADU DIET,BTL
M000212,MAMI KOMPRES LEMON,SCHT
M000213,MJS NATURE PROPOLIS 6ML,BTL
M000215,MARCKS TEENS CP CREME,PCS
M000216,MARCKS TEENS CP PUTIH,PCS
M000217,MIPI CREAM 30GR,TUBE
M000219,MOMETASONE CR 5GR,TUBE
M000220,MOMETASONE CR 0.1% 10G,TUBE
M000222,MIPI ROLL ON 10ML,BTL
M000223,MADU MURNI WELLERY 650ML,BTL
M000224,MADU MURNI WELLERY 250ML,BTL
M000225,MADU MURNI WELLERY 120ML,BTL
M000226,MADU WELLERY MUNGIL,BTL
M000227,MUCOVY SYR,BTL
M000228,MEDISTEN CR 5GR,TUBE
M000230,MIRASIC PLUS,STRIP
M000232,MINYAK KUTUS KUTUS 100ML,BTL
M000235,MADU HITAM PROPOLIS 175GR SAR,BTL
M000237,M. TELON LANG 150ML,BTL
M000240,MASKER HIJAB SENSI,PCS
M000241,MY BABY KIDS KAYU PUTIH PLUS 60ML,BTL
M000242,MASKER ANAK NIAN,PCS
M000244,MADU ALFAUZ SUPER,BTL
M000245,MUPIROCIN CACIUM 5GR,TUBE
M000246,MY BABY KIDS KAYU PUTIH PLUS 90ML,BTL
M000247,MADU HIJAU AL-FAUZ BESAR,BTL
M00054,MADURASA 150ML,BTL
M000569,MADURASA 350ML,BTL
M000570,MADU SUMBAWA GELAS,BTL
M000571,MADU PAHIT PROPOLIS PRIMA [K],BTL
M000572,MADU PAHIT+PROPOLIS PRM (B),BTL
M000573,PRIMA PLUS PASAK BUMI [B],BTL
M000574,MADU HITAM DIABET,BTL
M000575,MOLAGIT,STRIP
N00000011,NEURALGIN RHEMA,STRIP
N0000002,NATRIUM DIKLOFENAK 50MG,STRIP
N0000003,NATUR E (16),STRIP
N0000004,NEO HORMOVITON,STRIP
N0000005,NEO NAPACIN,STRIP
N0000006,NEO RHEUMACYL,STRIP
N0000007,NEO RHEUMACYL NEURO,STRIP
N0000008,NEOZEP,STRIP
N0000009,NEPHROLIT,STRIP
N0000010,NEURALGIN RX,STRIP
N00000100,NUFADOL KAPS PCT,STRIP
N0000011,NEUROBION 5000 TAB,STRIP
N0000012,NEUROBION TAB,STRIP
N0000014,NEUROSANBE PLUS,TAB
N0000015,NEUROSANBE TAB,STRIP
N0000016,NEW AS TAR OINT,TUBE
N0000017,NEW DIATAB,STRIP
N0000018,NIFEDIPIN 10MG,STRIP
N0000021,NORIT,BTL
N0000024,NUTRIV BENECOL STRW,BTL
N0000031,NASAL ASPIRATOR,PCS
N0000033,NOURISHSKIN 30'S,DUS
N0000034,NEURODEX 200,STRIP
N0000036,NITASAN,DUS
N0000037,NIPPLE SHIELD RELIABLE,PCS
N0000045,NIZORAL CR 5GR,TUBE
N0000053,NORELUT 5MG,TAB
N0000058,NATUR E 32'S,STRIP
N0000068,NATUR E ADVANCE (16),BOX
N0000070,NISAGON CR,TUBE
N0000077,NUFADOL SYR 60ML,BOTOL
N0000078,NEBACETIN OINT 5GR,TUBE
N0000083,NATUR E 300IU (16),STRIP
N0000090,NUTRAFOR CHOL 60'S,BLISTER
N0000095,NEO KAOLAN SYR 120ML,BTL
N0000103,NEBACETIN POWDER 5GR,BTL
N0000110,NUFACORT CR,TUBE
N0000111,NEOSANMAG FAST,STRIP
N0000120,NYSTATIN DROP,BTL
N0000121,NATUR E WHITE 16'S,STRIP
N0000122,NATUR E WHITE 32'S,BOX
N0000126,NATUR-E DAILY NOURISHING FACE MIST 95ML,BTL
N0000127,NIVEA BODY SERUM INTENSIVE 180ML,PCS
N0000129,NEXITRA TAB 500MG,STRIP
N0000131,NUTRIVE FIBERSHOT 100ML,BTL
N0000132,NEGATAL KAPSUL,BTL
N0000133,NEOCENTA GEL 15GR,TUBE
N0000135,NESTLE PURE LIFE 330,BTL
N0000137,NYTEX 200MG,STRIP
N0000139,NIVEA CARE &,"1,00"
N0000141,NEO VEDRIN DROPS 10ML,BTL
N000016,NOURISH ACNE PLAST BOY,COVER
N000017,NOURISH ACNE PLAST GIRL,COVER
N000020,NOVACYCLINE 250MG,TAB
N00103,NUTRAFOR ACNE GEL,TUBE
O0000002,OB HERBAL SYR,BTL
O0000003,OBH COMBI PLUS 100 ML MENTHOL,BTL
O0000004,OBH COMBI PLUS 60 ML MENTHOL,BTL
O0000005,ORPHEN,STRIP
O0000007,OBH COMBI PLUS ANAK STRAW,BTL
O0000008,OB IBU&ANAK,BTL
O0000009,OBH COMBI DAHAK MENTHOL 100 ML,BTL
O0000010,OBH NELLCO 100 ML,BTL
O0000012,OBH NELLCO 55 ML,BTL
O0000013,OMEPRAZOLE 20MG,STRIP
O0000014,OMEPROS,BTL
O0000015,ONDANSETRON 4MG,STRIP
O0000016,ONDANSETRON 8MG,STRIP
O0000018,OSKADON,STRIP
O0000019,OSKADON SP,STRIP
O0000022,OTOLIN EAR DROP 10ML,FLS
O0000025,OPISTAN,STRIP
O0000026,OXYCAN,PCS
O0000034,OKE PLAST,PCS
O0000035,OBP ITRASAL 100ML,BTL
O0000036,OBH MOLEX SYR,BTL
O0000037,OTOPAIN EAR DROP,FLS
O0000044,OXYTETRACYCLIN CR,TUBE
O0000046,OXOFERIN SOL 30,FLS
O0000048,OB HERBAL JUNIOR 60ML,BOTOL
O0000051,OSTEOKOM 30'S,BLISTER
O0000053,OBH ITRASAL 100ML,BTL
O0000055,OBH JERUK NIPIS,BTL
O0000060,OKE PLAST AMPLOP,AMPLOP
O0000061,ORSADERM CR 5GR,TUBE
O0000073,ORALIT,SCHET
O0000074,OBAT KURAP CAIR 19,PCS
O000070,OXICOBAL KAP,STRIP
O0000701,OXIMETER,PCS
P0000002,PANADOL,STRIP
P0000003,PANADOL EXTRA,STRIP
P0000004,PANADOL FB,STRIP
P0000009,PARAMEX,STRIP
P0000010,PARATUSIN TAB,STRIP
P00000101,POLIDENT CEANSER,PCS
P0000012,PEDITOX,BTL
P0000013,PERBAN 10 CM,ROL
P0000014,PERBAN 5 CM,ROL
P0000017,PHARMATON FORMULA,STRIP
P0000018,PHAROLIT SITRAS,SACH
P0000019,PIL KITA,STRIP
P0000021,PIM TRA COLD LEMON,BTL
P0000023,PIROXICAM 20MG KAPSUL,STRIP
P0000025,POLDANMIG,STRIP
P00000252,PREGABALIN 150MG,STRIP
P0000026,POLYSILANE SYR,BTL
P0000027,POLYSILANE TAB,STRIP
P0000028,PONSTAN 500MG,TAB
P0000030,PRENAGEN ESENSIS CKLT 180G,BOX
P0000031,PRENAGEN ESENSIS VNLA 180G,BOX
P0000035,PRENAGEN MOMMY EMESIS CKLT 200G,BOX
P0000036,PRENAGEN MOMMY EMESIS PLAIN 200G,BOX
P0000039,PRIMOLUT-N,TAB
P0000041,PROCOLD,STRIP
P0000043,PROMAG,STRIP
P0000044,PRONICY 4MG,TAB
P0000045,PRORIS,BTL
P0000046,PUYER 16 (ASP-16),SACH
P0000047,PYREXIN SYR 60ML,BTL
P0000048,PERMEN ANTANGIN,PCS
P0000052,PRORIS FORTE,BTL
P0000053,KOTAK P3K,KTK
P0000059,PARACETAMOL SYR ERRITA,BTL
P0000061,PARFUM 10k,BTL
P0000066,PRAXION SYR,BTL
P0000067,POLIDENT 60GR,TUBE
P0000073,POT PLASTIK,PCS
P0000074,PRAXION FORTE,BTL
P0000078,PARACETAMOL MEF,STRIP
P0000081,PKS,TUBE
P0000084,PRENAGEN MOMMY STRAW,DUS
P0000086,PLANTACID SUSP,BTL
P0000089,PROCOLD FLU & BATUK,STRIP
P0000090,PROMAG SUSPENSI,SACH
P0000091,PRAXION DROP,BTL
P0000093,PIROXICAM 10MG TABLET,STRIP
P0000094,PIROXICAM 20MG TABLET,STRIP
P0000099,PARAMEX FLU DAN BATUK,STRIP
P0000100,POLIDENT 15GR,TUBE
P0000102,PYREXIN TAB,STRIP
P0000103,PAGODA PASTILLES MINT 20GR,POT
P0000106,PROLACTA DHA BABY,BUTIR
P0000108,POLYCROL GEL,BTL
P0000110,PABANOX CR 20GR,TUBE
P0000113,KOTAK P3K MOBIL,PCS
P0000115,PARFUM 5k,BTL
P0000116,PURE BABY RASH CR 50,PCS
P0000117,PURE KIDS INHALANT OIL 10ML,BTL
P0000118,PROLACTA DHA MOTHER,KAPSUL
P0000119,POLYCROL FORTE TAB,STRIP
P0000120,PACDIN BABY COUGH,BTL
P0000121,PRORIS TRIPLE ACTION,STRIP
P0000122,PERBAN ELASTIS 15CM,PCS
P0000123,PERBAN ELASTIS 7.5CM,PCS
P0000127,PREGCY CHECK,BOX
P0000130,PONDEX SUSP,BTL
P0000131,PROPEPSA 100ML,BTL
P0000134,PIM TRA COLD CHERRY,BTL
P0000136,PISPOT COWOK + TUTUP,PCS
P0000137,PISPOT TANPA TUTUP,PCS
P0000143,PRONTO,STRIP
P0000145,PONDEX FORTE TAB,STRIP
P0000160,PROSTAKUR KAP,STRIP
P0000162,PAGODA SALEP 10GR,POT
P0000165,PARFUM AR-ROIHAN,BTL
P0000166,PARFUM SPRAY AR-ROIHAN,BTL
P0000168,PISPOT BAB,PCS
P0000171,PROTAGENTA,STRIP
P0000175,PROPYLTHIOURACIL (PTU),STRIP
P0000176,PROPANOLOL 10MG,STRIP
P0000177,XEPAMOL 60ML,BTL
P0000183,PERBAN METERAN,POTONG
P0000186,PERBAN 15CM,ROLL
P0000189,PARAMEX NYERI OTOT,STRIP
P0000190,PAGODA PASTILES 10 G,PCS
P0000191,BEDAK PIGEON 100GR,BTL
P0000197,POLOFAR PLUS,STRIP
P0000203,PROBIOKID,SACH
P0000204,PIMACOLIN APPLE SYR,BTL
P0000208,PASABA SYR 60ML,BTL
P0000215,PACETIK 500MG,STRIP
P0000216,PACETIK SYR,BTL
P0000220,PROTEN RASA VANILA,SACH
P0000227,PACEKAP BLISTER,BLISTER
P0000233,PARFUM CAHAYA,BTL
P0000234,PERBAN ELASTIS 10CM,PCS
P0000235,PLOSSA EUCALYPTUS,PCS
P0000237,PAINKILA CR 15GR,TUBE
P0000238,PERMETHRINE 15GR,TUBE
P0000240,PARAMEX SK,STRIP
P0000245,EXECUTIVE PARFUME,BTL
P0000246,PURE KIDS HAND SANITIZER 50ML,BTL
P0000247,PURE KIDS AWS GRAPE 20'S,PCS
P0000248,PROBABY COLOGNE 100ML,BTL
P0000250,PROBABY BATH ANISE OIL 100ML,BTL
P0000251,PREGABALIN KAPSUL 75MG,STRIP
P0000255,PROMAG SUSPENSI BTL 60ML,BTL
P0000256,PLOSSA MINI HOT,PCS
P0000257,PLOSSA MINI EUCALYPTUS,PCS
P0000258,PURE BABY WARMING OIL 60ML,PCS
P0000260,PIPET DROP,PCS
P0000262,PANTOPRAZOLE TAB 40MG,STRIP
P0000264,PRIMA PROTEC DISINFECTAN,BTL
P0000265,PRIMA FACE MASK 10+1,PACK
P0000266,PRIMA FACE MASK 5'S,PACK
P0000267,PRIMA PROTECT HAND SOAP 240ML,BTL
P0000268,PRIMA PROTECT HAND SOAP 500ML,BTL
P0000269,PASTIK,BOX
P0000271,PROBABY SHAMPO 100ML,BTL
P0000272,PRIMA PROTECT HAND SANITIZER 5L,DRIGEN
P0000273,PRIMA DISINFECTAN 240ML,BTL
P0000275,PROBABY BATH ANISE OIL 200ML,BTL
P0000276,PROBABY BANDED LIQUID CLEANSER,PCS
P0000277,PROBABY BATH BODY&HAIR 100ML,BTL
P0000728,PRIMA PROTECT HANDSANITIZER 50ML,BTL
P000098,PASABA COUGH & FLU,BTL
R0000001,RANITIDINE 150MG,STRIP
R0000003,REDOXON EFF ORANGE,TUBE
R0000004,RENABETIC 5 MG,TAB
R0000006,RENOVIT KAPLET,STRIP
R00000079,RHINOFED SYR 60ML,SYR
R0000010,RHINOS SR 5X10'S,KAP
R00000102,RELIABLE COTTON BUDS DWS REFFIL,"7,00"
R0000013,RODECA TALK,BTL
R0000014,ROHTO,BTL
R0000015,ROHTO COOL,BTL
R0000055,RIVANOL SOL 100ML,BTL
R0000065,RIVANOL SOL 300ML,BTL
R0000068,REFAQUIN 15GR,TUBE
R0000072,RESIK V MANJAKANI 90ML,BTL
R0000073,RENOVIT GOLD 30,BTL
R0000074,RENADINAC 50MG,STRIP
R0000078,RHINOFED TAB,TAB
R0000081,RESIK V MANJAKANI 50ML,BTL
R0000083,RENOVIT GOLD,STRIP
R0000085,RESIK V MANJAKANI WHITENING 90ML,BTL
R0000087,RHINOS NEO DROP 10ML,BTL
R0000088,RHINOS JUNIOR SYR 60ML,BTL
R0000089,REMAFAR,STRIP
R0000090,RANACID FORTE TAB,STRIP
R0000091,RENAX KAP,KAPSUL
R0000094,ROVERTON SYR,BTL
R0000095,ROVERTON TAB,STRIP
R0000096,REMCO,BTL
R0000099,RELIABLE DOT,BTL
R00001,REBAL PLUS,STRIP
R0000102,RELIABLE COTTON BUDS DWS REFFIL 100'S,PCS
R0000103,RELIABLE COTTON BUDS BABY REFIL 125'S,PCS
R0000106,RELIABLE SILICON TEETHER,PCS
R0000107,RELIABLE KOTAK BEDAK,PCS
R0000111,RENOVIT 30'S,BTL
R0000114,"RELIABLE COTTON BUDS BABY REFFIL 75""S",PCS
R0000115,REXAVIN 125MG,STRIP
R0000116,REGULATOR OXYGEN,PCS
S0000001,SAFE CARE,BTL
S0000003,SAKATONIK ABC ANGGUR,BTL
S0000004,SAKATONIK ABC JERUK,BTL
S0000005,SAKATONIK ABC STRAW,BTL
S0000006,SAKATONIK LIVER 100ML,BTL
S0000007,SAKATONIK LIVER 310ML,BTL
S0000008,SALBUTAMOL 2MG,STRIP
S0000009,SALBUTAMOL 4MG,STRIP
S0000012,SALEP 88,POT
S0000013,SALEP ICHTYOL 15GR,POT
S00000132,SUSU KUDA LIAR SUMBAWA,BTL
S00000154,SELANG OKSIGEN+MASKER,PCS
S0000017,SALONPAS GEL KECIL,TUBE
S0000019,SALONPAS HOT,PCS
S0000020,SALYCIL TALK (KF),POT
S0000022,SANAFLU,STRIP
S0000023,SANGOBION (10),STRIP
S00000233,SARI KURMA TJ 250GR,BTL
S0000024,SANGOBION (4),STRIP
S0000025,SANMOL DROP,BTL
S0000026,SANMOL SYR,BTL
S0000027,SANMOL TAB 500MG,STRIP
S0000029,SARIDON,STRIP
S0000030,SCABIMITE 10G,TUBE
S0000031,SCABIMITE 30G,TUBE
S0000032,SCOTT VITA 200 ML,BTL
S0000035,SENSITIF TEST KEHAMILAN,PCS
S0000039,SIMVASTATIN 10MG,STRIP
S0000040,SIMVASTATIN 20MG,STRIP
S0000042,SRITI,TUBE
S0000044,STOP COLD,STRIP
S0000045,STOP X,TUBE
S0000046,SUPER MAGIC,BOX
S0000047,SUPERTETRA,STRIP
S0000048,SUTRA 3'S,AMPLOP
S0000049,SUTRA OK 3'S,AMPLOP
S0000054,STRIP GULA DARAH,STRIP
S0000055,STRIP KOLESTEROL,STRIP
S0000056,STRIP ASAM URAT,STRIP
S0000057,SENSI GLOVE,PCS
S0000060,SUPRAVIT BOTOL,BTL
S0000061,SUPERHOID SUPP,SUPP
S0000065,SALEP 2-4,POT
S0000069,SALONPAS KOYO IJO 5X2,SACH
S0000070,SUTRA CO'12,DUS
S0000071,SENDOK TAKAR,PCS
S0000075,SARI KURMA SAHARA,BTL
S0000076,SENSI MASK EARLOOP 3PLY (PINK),PACK
S0000077,SENSI MASK EARLOOP 3PLY (anak),PACK
S0000078,SANMAG SUSP,BTL
S0000081,SUTRA OK'12,DUS
S0000085,STIMUNO ANGGUR 60ML,BTL
S0000087,STIMUNO FORTE CAPSUL,DUS
S0000089,SIMVASTATIN 10MG DEXA,BLISTER
S0000090,SENSI POPOK DEWASA (L),PACK
S0000095,SITRONELA 60ML,BTL
S0000096,SISIR BAYI,PCS
S0000100,SUPER MAGIC CASANOVA,BOX
S0000102,SPUIT 3CC OM,PCS
S0000108,SPUIT 1CC TERUMO,PCS
S0000115,SILADEX,"12,00"
S0000116,SITRONELA 30ML,BTL
S0000119,SAKATONIK ABC ANTARIKSA,BTL
S0000121,SABUN PEPAYA,PCS
S0000124,SUTRA CO '24,PCS
S0000125,SERETIDE INHALER 50,CAN
S0000128,SILADEX ME 30ML (HIJAU),BTL
S0000132,SARI KACANG IJO 250ML,PCS
S0000140,SOMAN,BTL
S0000143,SUTRA PLUS 12'S,PCS
S0000144,SEVENSEAS KIDS 100ML,BTL
S0000146,SPIRONOLACTON 25MG,STRIP
S0000147,SANBE TEARS 8ML,BTL
S0000148,SYNALTEN CR,TUBE
S0000149,SERETIDE INH 125,CAN
S0000151,SPUIT 10CC,PCS
S0000153,SELANG OKSIGEN,PCS
S0000155,SARI KURMA AL JAZIRA,BTL
S0000158,SANGOBION KIDS 100ML,BTL
S0000163,SILADEX CC 100 ML (BIRU),BTL
S0000168,SUM CREAM,BTL
S0000170,SENSODENT FRESH MINT 50GR,TUBE
S0000172,SANBE KIDS EMULSION,BOTOL
S0000173,SOLINFEC CR,TUBE
S0000175,KLINSEN SHOWER CREAM 500ML,PCS
S0000176,SALICYL DRAGON,BTL
S0000180,SARI KACANG IJO 150ML,KOTAK
S0000181,SELVIM,STRIP
S0000182,SP TROCHES MELON,BOX
S0000183,SP TROCHES STRAWBERRY,BOX
S0000190,SARI KURMA MADU PLUS ANGKAK,BTL
S0000192,SANTA E 400IU,STRIP
S0000193,SOLINFEC TAB,STRIP
S0000194,SCANDERMA PLUS CR 10G,TUBE
S0000196,SANMOL FORTE SYR 60ML,BTL
S0000204,STIMUNO FORTE BTL (30),BTL
S0000205,SUCRALFAT SYR 500MG,BOTOL
S0000206,SANADRYL SYR,BTL
S0000208,SAN-B PLEX DROPS,BTL
S0000211,SILDENAFIL CITRATE 50MG,TAB
S0000212,STATURE METER,PCS
S0000215,SKIZON CR 10GR,TUBE
S0000218,SELSUN BLUE,BTL
S0000219,SELSUN DOUBLE IMPACT,BTL
S0000225,SILADEX DMP 30ML,BTL
S0000226,STIMUNO SYR ORANGE 60ML,BTL
S0000232,SILADEX DMP 100ML,BTL
S0000238,SUTRA GERIGI 3'S,PCS
S0000240,SUPERTIN TABLET,AMPLOP
S0000241,SELSUN DOUBLE IMPACT 100ML,BTL
S0000242,SELSUN BLUE 120ML,BTL
S0000243,SUTRA GERIGI 12'S,PCS
S0000246,SARIAMAN GEL,TUBE
S0000250,SILICONE PIGEON STEP 2A,PCS
S0000253,SANGOBION BABY 30ML,BTL
S0000255,SKIZON 5GR,TUBE
S0000260,SENSI MASK DUCKBILL 50'S KARET,PCS
S0000264,STERIONE SPRAY DESINFECTANT,BTL
S0000266,SD COTTON BUD ANAK BTL,BTL
S0000268,SENSI CONVEX MASK 2'S,PACK
S0000270,SOFFEL SPRAY 80ML GERANIUM,BTL
S0000272,SUCRALFATE SUSP 500MG HOLI,BTL
S0000273,SKRINEER EARLOOP 5'S,PACK
S0000274,SNAKE BRAND POWDER 300GR COOL PINK,KLNG
S0000711,SD WASH GLOVES 2'S,PCS
S0000789,SAFE CARE STRONG,BTL
S0000790,SUTRA OK'24,DUS
S0000791,SANCOIDAN KAPSUL,STRIP
S0000792,SARI KURMA TROMBOSIT BESAR,BTL
S0000793,SARI KURMA TROMBOSIT KECIL,BTL
S0000795,SUSU 7 KURMA,KLNG
S000080,SARANG SEMUT SUPER,BTL
S000081,SARI KURMA PRIMA JAMBU,BTL
S000082,PUTRI SLIM,BTL
S000170,SARI MENGKUDU PRIMA,BTL
S000184,SP TROCHES 6'S,STRIP
S000206,SUCRALFAT TAB 500MG,STRIP
T0000001,TAWON DD,BTL
T0000002,TAWON EE,BTL
T0000003,TAY PIN SAN,SACH
T0000004,TEOSAL,TAB
T0000005,TERMOREX 60 ML,BTL
T0000010,THROMBO ASPILETS,TAB
T0000011,THROMBPHOP GEL,TUBE
T0000013,TOLAK ANGIN ANAK,SACH
T0000014,TOLAK ANGIN CAIR,SACH
T0000015,TONIKUM BAYER (B),BTL
T0000016,TONIKUM BAYER (K),BTL
T0000018,TRIFED SYR 60ML,BTL
T0000021,TROPICANA SLIM DIABETICS 25'S,BOX
T0000028,TEMPRA SYR 60ML,BTL
T0000029,TEMPRA DROPS 15 ML,BTL
T0000031,TERMOREX PLUS 60 ML,BTL
T0000032,TIMBANGAN BADAN,PCS
T0000033,DIE DA YAO GIN,BTL
T0000039,TREMENZA,STRIP
T0000043,TROPICANA SLIM DIABETIC 50'S,DUS
T0000044,THERMOLYTE PLUS 60'S,BLIST
T0000047,THERMOLYTE DIET SUGAR 50'S,BOX
T0000052,TREMENZA SYR,BTL
T0000053,TROPICANA SLIM CLASSIC 50'S,BOX
T0000058,THROMBOPHOB OINT,TUBE
T0000063,TEH KOTAK 200ML,KOTAK
T0000064,TIMBANGAN DIGITAL,PCS
T0000067,TRANSFULMIN BABY 10GR,TUBE
T0000068,TAY PIN SAN CAIR,SACH
T0000071,TUZALOS,STRIP
T0000077,TEH JATI CINA CELUP,PCS
T0000078,TJ JOYBEE,BTL
T0000079,TOLAK LINU,SACHET
T0000083,MINYAK TAWON FF,BTL
T0000086,TENSI ANAROID SERENITY,PCS
T0000087,TERMOREX PLUS 30ML,BTL
T0000089,TJ JOYBEE ORIGINAL,BTL
T0000091,TERRA F KAPSUL,STRIP
T0000092,THROMECON 20GR,TUBE
T0000093,TERMOREX 30ML,BTL
T0000095,TRANSPULMIN BB 10G,TUBE
T0000096,TRIAMCINOLONE 5GR,TUBE
T0000097,TEH PUCUK 350ML,BTL
T0000100,TJ JOYBEE STROWBERY,BTL
T0000101,THERMOMETER DIGITAL OMRON,PCS
T0000103,TRIAMCINOLONE 4MG TAB,STRIP
T0000104,TRANSPULMIN KIDS 20GR,TUBE
T0000105,TISU MONTISS 250'S,PCS
T0000106,TOPICARE CLEANSER 90ML,PCS
T000080,TRIANTA,STRIP
T000082,TESTPACK,STRIP
T000088,TROPICANA SLIM CLASIC 25'S,BOX
T000089,TAWON CC,BTL
T000090,TJ JOYBE GROW EMULSIOM 200ML,BTL
T000095,TAKAHI PLASTER,PCS
T000099,TRISELA 10MG,STRIP
U0000002,ULTRACILLINE,TUBE
U0000003,ULTRACYN BABY KECIL,BTL
U0000005,ULTRAFLU,STRIP
U0000009,ULTRAFIX 10X5,ROL
U0000011,ULTRACAP,STRIP
U0000012,UNDERPAD SENSI,PCS
U0000013,ULTRA COKLAT 125,KOTAK
U0000015,ULTRA STROWBERY 125,KOTAK
U0000018,ULTRAMILK COKLAT 250,PCS
U0000019,ULTRA MIMI COKLAT 125,PCS
U0000023,ULTRAFIX 5 X 5,ROLL
U0000025,ULTRACYN DWS,BTL
U0000028,ULTRA MILK TARO 200ML,BTL
V0000001,VEGETA HERBAL,SACH
V0000002,VEGETA JERUK,SACH
V00000029,VOLTAREN 50MG,TAB
V0000005,VERILE ACNE,"2,00"
V0000006,VERMINT 12'S,BTL
V0000007,VERMINT 30'S,BTL
V000001,VOLTAREN BALSEM 20g,BTL
V0000011,VICEE STRAW,STRIP
V0000012,VICKS F44 ANAK 27 ML,BTL
V0000013,VICKS F44 ANAK 54 ML,BTL
V0000014,VICKS F44 DT SACHET,SACH
V00000145,VITAMIN B12,STRIP
V0000015,VICKS F44 DWS 100 ML,BTL
V0000016,VICKS F44 DWS 27 ML,BTL
V0000018,VICKS VAPORUB 25G,PCS
V0000019,VIGEL,TUBE
V0000020,VIOSTIN DS,STRIP
V0000021,VIRUGON,TUBE
V0000023,VITACIMIN,STRIP
V0000024,VITALONG C (30),BTL
V0000025,VITALONG C (4),STRIP
V0000026,VITAQUIN CR 15G,TUBE
V0000027,VOLTADEX50MG,TAB
V0000031,VOLTAREN GEL 5GR,TUBE
V0000032,VEGE BLEND,BTL
V0000034,VALDRES 25MG,TAB
V0000036,VEGEBLEND JR 30',BTL
V0000037,VICKS VAPORUB 10,POT
V0000038,VITAL TT,FLS
V0000040,VIRJINT SYR,BTL
V0000041,VICKS F44 DWS 54ML,BTL
V0000044,VENARON,STRIP
V0000045,VENTOLIN NEBULES,VIAL
V0000046,VIDORAN SMART 100ML,BTL
V0000050,VENTOLIN INHALER,PCS
V0000051,V FRESH ORIGINAL,BTL
V0000052,V FRESH HOT 8ML,BTL
V0000066,"VITACID 0,1%",TUBE
V0000079,VITACID 0.025%,TUBE
V0000081,VERILE BLEMISH CREAM,TUBE
V0000087,VECTRINE DRY SYRUP,BOTOL
V0000093,VOSEA SYR 30ML,BTL
V0000096,VIDORAN SMART STROW TABLET,BTL
V0000099,VIGEL 60g,TUBE
V0000100,VITAMIN B6,STRIP
V0000101,VITAMIN B1 50 mg,STRIP
V0000105,VISANCORT CREAM,TUBE
V0000106,VENARON HD,STRIP
V0000109,VITACIMIN BOX,STRIP
V0000110,VITAMIN C 250MG,STRIP
V0000113,VITAMIN C 100MG POT,BTL
V0000115,VESPERUM SYR 60ML,BTL
V0000116,VEDRIN SIRUP 60ML,BTL
V000025,VESPERUM TAB,STRIP
V000085,VOSEA,STRIP
W0000001,WAISAN,SACH
W0000002,WOODS ANTITUSIF 100ML,BTL
W0000003,WOODS ANTITUSIF 60ML,BTL
W0000004,WOODS EXP 100ML,BTL
W0000005,WOODS EXP 60ML,BTL
W0000009,WWZ,PCS
W0000012,WHITE-NENG,TUBE
W0000020,WIROS 20MG,STRIP
W0000027,WELMOVE,STRIP
W0000029,WINATIN,STRIP
W0000032,MADU WELLERYROYAL JELLY 650ML,BTL
W0000033,WARMAX HONEY LEMON SACHET 25GR,BOX
X0000001,XENICAL,TAB
Y000001,YUSIMOX SYR,BTL
Y000003,YUSIMOX FORTE SYR,BTL
Y000004,YAKULT,BTL
Y000006,YUSIMOX TAB,STRIP
Z0000002,ZORALIN,TAB
Z0000007,ZINK DISPERSIBEL TAB,STRIP
Z0000008,ZEE COKLAT 200ML,KTK
Z0000009,ZEE STRAWBERRY 200ML,KTK
Z0000010,ZHENG GU SHUI 30ML,PCS
Z0000011,ZHENG GU SHUI 60ML,PCS
Z0000013,ZEGAVIT,STRIP
Z0000014,ZELONA TAB,STRIP
Z000003,ZELIRIS CR,TUBE
Z000006,ZAMBUK,PCS
Z000007,ZORALIN CR,TUBE
Z000009,ZEVASK,STRIP
